0;1;2;3;4;5
0;1;2;3;4;5
Tourenbersicht;nan;nan;nan;nan;nan
Lieferdatum: 02.10.25;nan;nan;nan;nan;nan
nan;nan;nan;nan;nan;nan
Kdnr;Name;Straáe;PLZ;Ort;Gedruckt
nan;W-07.00 Uhr BAR;nan;nan;nan;nan
4993;42 RP zu 4601;nan;nan;nan;1
4586;Kuli's Carpoint;Reisstr. 40;01257;Dresden;1
5023;Stockmann KFZ-Service;Cowaplast 28;01640;Coswig;1
nan;nan;nan;nan;nan;nan
nan;W-07.00 Uhr Tour;nan;nan;nan;nan
4747;Lackwerk LW GmbH;Bremer Straáe 5;01067;Dresden;1
5236;MSM by HUBraum GmbH;Frbelstraáe 20;01159;Dresden;1
5236;MSM by HUBraum GmbH;Frbelstraáe 20;01159;Dresden;1
5116;CAR-ART GmbH;Lbtauer Str. 55;01159;Dresden;1
4601;Automatikgetriebeservice ;Mgelner Str.29;01237;Dresden;1
4016;Autoservice Heinze GmbH;Dohnaer Straáe 119;01239;Dresden;1
5116;CAR-ART GmbH;Bismarkstr. 63;01257;Dresden;1
1375;Marks Dieselmotorentechnik ;Enderstr. 63;01277;Dresden;1
5445;Autoservice Laubegast;sterreicher Str. 63;01279;Dresden;1
4413;Kfz-Meisterbetrieb Stege;Tolkewitzer Strasse 83;01279;Dresden;1
4430;Dietmar Beerwart ;Hertelstrasse 17;01307;Dresden;1
5256;Peers Garage - Freie KFZ-Werkstatt;Quohrener Str. 36;01324;Dresden;1
4593;Autoservice Matthes;Alt-Serkowitz 1;01445;Radebeul;1
4891;Auto - Heller;Gohliser Straáe 24;01445;Radebeul;1
2721;Auto-Walther GmbH & Co.KG;Brockhausstr. 12;01471;Radeburg;1
5252;Bernd Schmiedgen;Lindeberg 2;01471;Radeburg;1
4856;Werk-Zwo;Coschtzer Straáe 63;01705;Freital;1
4044;Autoreparaturwerk Freital KG;Cunnersdorferstraáe 12;01705;Freital;1
4855;KFZ-Meisterbetrieb;Dresdner Straáe 290;01705;Freital;1
4507;FREIE KFZ-WERKSTATT;Poststrasse 3;01705;Freital;1
4318;Peugeot Bttner ;Steigerstraáe 1;01705;Freital;1
4571;Boxenstop KFZ-Meisterwerkstatt;Zum Grund 3;01705;Freital;1
4723;KFZ-Werkstatt Auto-Gut;Poisentalstraáe 24;01728;Bannewitz;1
4331;FTT Fahrzeug Technik Tharandt;Dresdner Straáe 36b;01737;Tharandt;1
5342;Karosseriefachbetrieb Kirchner;Freitaler Straáe 8;01737;Tharandt/Groáopitz;1
5421;Autohaus Liliensiek GmbH;Alte Altenberger Str. 38;01744;Dippoldiswalde;1
5422;Auto-Service Becker;Frauensteiner Str. 31;01744;Dippoldiswalde;1
nan;nan;nan;nan;nan;nan
nan;PIR Anlief. 7.45 Uhr;nan;nan;nan;nan
4925;Kfz-Service-Pahner;Rhrsdorfer Straáe 24;01257;Dresden;1
4646;Gustavs Autohof;Wittgensdorf Nr. 16;01731;Kreischa OT Wittgensdorf;1
40736;Jrgen Schiebel;Cotta B 16G;01796;Dohma;1
40135;Autohaus Gaebel GmbH &Co.KG;Hohe Str. 2-3;01796;Dohma;1
40589;Werk A KfZ Werkstatt;Dresdner Straáe 46;01796;Pirna;1
40257;Autohaus Welde GmbH;Dresdner Strasse 5;01796;Pirna;1
40729;KFZ-Meisterhandwerk;Heidenauer Str. 105;01796;Pirna;1
50418;Bernd Forker GmbH;Siegfried Rdel-Str.37;01796;Pirna;1
40745;Abschleppdienst Lesche GbR;Hohe Straáe 79;01796;Struppen/Siedlung;1
5288;Die-Autogesellschaft-Dresden.d;Mglitztalstraáe 43;01809;Dohna;1
40750;Dreihundert Dresden;Naumannstraáe 12 | Halle 14;01809;Heidenau;1
4231;Autohaus Olaf Streit;Ringstraáe 25;01809;Heidenau;1
40174;Autohaus in Berggieáhbel GmbH;Talstr. 4;01816;Bad Gottleuba - Berggieáhbel;1
40623;LiLa metallinc;Oberer Ladenberg 13;01816;Bad Gottleuba OT Berggieáhbel;1
40108;Autoservice Arnold;Talstr. 19;01816;Berggieáhbel;1
40147;1a Autoservice Alexander Heidecke;Bahnhofstr. 2;01847;Lohmen;1
nan;nan;nan;nan;nan;nan
nan;W-09.00 Uhr BAR;nan;nan;nan;nan
5553;Auto-Service-Center Dresden;Dohnaer Strasse 74;01219;Dresden;1
5023;Stockmann KFZ-Service;Cowaplast 28;01640;Coswig;1
4590;Fahrzeugservice u.;Grenzstr. 9;01640;Coswig;1
nan;nan;nan;nan;nan;nan
nan;W-09.00 Uhr Tour;nan;nan;nan;nan
4747;Lackwerk LW GmbH;Bremer Straáe 5;01067;Dresden;1
5448;TM Reifen und Autoservice;Fischhausstr. 15b;01099;Dresden;1
2939;Autoservice Petters GmbH;Sternstraáe 14;01139;Dresden;1
1330;Autoservice Bernhardt;Chamissostr.  2;01157;Dresden;1
4083;Vortrieb Dresden e.K.;Hamburger Straáe 65 a;01157;Dresden;1
4522;Autoservice Reichert GmbH ;Kesselsdorfer Strasse 99 ;01159;Dresden;1
5525;Astral UG;Lbtauer Straáe 80;01159;Dresden;1
3044;ATW Fahrzeugteile;Frbelstr. 51a;01159;Dresden ;1
5530;Sgner's Fahrzeugtechnik;Burgstdter Str. 3;01219;Dresden;1
4015;Autoservice Hartmann;Altreick 26;01237;Dresden;1
4313;Dresden-Strehlener Kfz-Technik GmbH;Breitscheidstr. 32;01237;Dresden;1
4860;Autoservice Grtner;Seidnitzer Weg 11;01237;Dresden;1
5116;CAR-ART GmbH;Bismarkstr. 63;01257;Dresden;1
5445;Autoservice Laubegast;sterreicher Str. 63;01279;Dresden;1
5083;SMP GmbH;Alemannenstraáe 50;01309;Dresden;1
5603;Auto Christen;Schloáallee 9;01468;Moritzburg;1
5602;Autowerkstatt MAUDRICH GmbH;Ringstr. 43;01468;Moritzburg OT Boxdorf;1
5190;Autoservice Winkler;Angerweg 1;01662;Meiáen;1
5298;Turboservice Ingo Barthel;Bohnitzscher Str. 4;01662;Meiáen;1
4510;BRAUNE Autolackierbedarf GmbH;Burgker Strasse 135;01705;Freital;1
5110;DRK Rettungsdienst Freital;Dresdner Str. 124;01705;Freital;1
4507;FREIE KFZ-WERKSTATT;Poststrasse 3;01705;Freital;1
5365;VGRDD GmbH ;Wilsdruffer Str. 37;01705;Freital;1
4615;Reifen Roespel GmbH;Wilsdruffer Straáe 7;01705;Freital;1
4754;Kfz-Meister Jens Jahn;Straáe des Friedens 37;01723;Kesselsdorf;1
4515;Reifen-& Autoservice Roespel ;Wilsdruffer Strasse 11;01723;Kesselsdorf;1
4426;Kfz-Meisterbetrieb Sllner;August Bebel Strasse 82;01728;Bannewitz;1
4723;KFZ-Werkstatt Auto-Gut;Poisentalstraáe 24;01728;Bannewitz;1
5342;Karosseriefachbetrieb Kirchner;Freitaler Straáe 8;01737;Tharandt/Groáopitz;1
5646;Dippser-Auto-Ecke;Bergstraáe 93;01744;Dippoldiswalde OT Seifersdorf;1
4514;Karsten Noack;Reinberger Dorfstraáe 6a;01744;Dippoldiswalde/OT Reinberg;1
nan;nan;nan;nan;nan;nan
nan;TA Anlief. T3, 9.00 Uhr;nan;nan;nan;nan
6005;FAMO Fahrzeug-und Motorenteile GmbH;Dewitzer Str. 77f;04425;Taucha;1
nan;nan;nan;nan;nan;nan
nan;Anlief. T5, 9.30 Uhr;nan;nan;nan;nan
32478;mobilforum GmbH;Laugkfeld 28;01968;Senftenberg;1
nan;nan;nan;nan;nan;nan
nan;CB Anlief. T5, 9.15 Uhr;nan;nan;nan;nan
6002;FAMO Fahrzeug-und Motorenteile GmbH;Am Telering 1;03051;Cottbus;1
nan;nan;nan;nan;nan;nan
nan;Anlief. T3, 9.30 Uhr;nan;nan;nan;nan
2571;Thomas Bode;Rosenowstr. 8;04357;Leipzig;1
nan;nan;nan;nan;nan;nan
nan;PIR Anlief. 9.45 BAR;nan;nan;nan;nan
44993;Schleich;nan;nan;nan;1
4985;PM Car Parts;Naumannstr. 12 / Halle 26F;01809;Heidenau;1
nan;nan;nan;nan;nan;nan
nan;PIR Anlief. 9.45 Uhr;nan;nan;nan;nan
6000;Olaf Streit;nan;nan;nan;1
4466;PMS Provocatione Motor Sport;Lockwitzgrund 40;01257;Dresden;1
4646;Gustavs Autohof;Wittgensdorf Nr. 16;01731;Kreischa OT Wittgensdorf;1
40729;KFZ-Meisterhandwerk;Heidenauer Str. 105;01796;Pirna;1
40672;Carzone Pirna;Lohmener Straáe 15a;01796;Pirna;1
40138;Kfz-Service Hertling;Herbert-Liebsch- Str. 4;01796;Pirna-Sonnenstein;1
4231;Autohaus Olaf Streit;Ringstraáe 25;01809;Heidenau;1
nan;nan;nan;nan;nan;nan
nan;Anlief. T10, 10.00 Uhr;nan;nan;nan;nan
5504;Dressel Montage;Zeisigweg 25;01737;Kurort Hartha;1
1422;Dietze & Schindler;Ladestraáe 2b;09465;Sehmatal-OT Sehma;1
2907;Autechna Autoteile;Am Abrahamschacht 4;09496;Marienberg;1
2907;Autechna Autoteile;Am Abrahamschacht 4;09496;Marienberg;1
1048;AUTOTEILE BRNER;Wolkensteiner Str. 18;09514;Pockau - Lengefeld;1
1590;Fa. Flade Thomas;Rungstockstr. 43;09526;Olbernhau/Sa;1
2145;Auto Lippmann;Kleinhartmannsdorfer Str. 7;09618;Brand-Erbisdorf;1
nan;nan;nan;nan;nan;nan
nan;Anlief. T8, 10.00 Uhr;nan;nan;nan;nan
1402;CAR - Center;Crimmitschauer Straáe 50a;04626;Schmlln/Thr.;1
1408;Autoteile und Zubehr;Reichenbacher Str. 190a;08056;Zwickau;1
3043;Motorenbau - KURZ;Zwickauer Str. 192;08468;Reichenbach;1
1168;Schafferus;Zwickauer Str. 194;08468;Reichenbach;1
2763;Frank Fahrzeugbau GmbH;Carl-Hamel-Str.  17a;09116;Chemnitz;1
1235;V. Kluge GmbH;Amalienstrasse 12;09669;Frankenberg;1
nan;nan;nan;nan;nan;nan
nan;BZ T2 Anlief.9.45 Uhr;nan;nan;nan;nan
6001;FAMO Fahrzeug-und Motorenteile GmbH;Kleine Baschtzer Str. 1;02625;Bautzen;1
nan;nan;nan;nan;nan;nan
nan;FG Anlief. T10, 10.00 Uhr;nan;nan;nan;nan
6009;FAMO Fahrzeug-und Motorenteile GmbH;Brander Straáe 65;09599;Freiberg;1
nan;nan;nan;nan;nan;nan
nan;Anlief. T2, 10.00 Uhr;nan;nan;nan;nan
1544;KLIEMT NUTZFAHRZEUGTEILE;Am Flugplatz 22;02828;Grlitz;1
nan;nan;nan;nan;nan;nan
nan;W-11.00 Uhr BAR;nan;nan;nan;nan
4993;Sven - PF;nan;nan;nan;1
4590;Fahrzeugservice u.;Grenzstr. 9;01640;Coswig;1
nan;nan;nan;nan;nan;nan
nan;W-11.00 Uhr Tour;nan;nan;nan;nan
4677;Autoservice Wolf;Wiener Straáe 10;01069;Dresden;1
2939;Autoservice Petters GmbH;Sternstraáe 14;01139;Dresden;1
5592;Stender KFZ-Autoservice;Alte Meiáner Landstraáe 28c;01157;Dresden;1
5214;"Kfz-Betrieb ""Die Meister""";Lbtauer Strasse 54-56;01159;Dresden;1
5525;Astral UG;Lbtauer Straáe 80;01159;Dresden;1
3044;ATW Fahrzeugteile;Frbelstr. 51a;01159;Dresden ;1
3044;ATW Fahrzeugteile;Frbelstr. 51a;01159;Dresden ;1
4026;AUTO LUST;Krausestraáe 4;01187;Dresden;1
4812;Pauls Garage;Reicker Straáe 53;01219;Dresden;1
4601;Automatikgetriebeservice ;Mgelner Str.29;01237;Dresden;1
4860;Autoservice Grtner;Seidnitzer Weg 11;01237;Dresden;1
5531;Kfz-Meisterbetrieb Lommatzsch;Bismarckstr. 70;01257;Dresden;1
5116;CAR-ART GmbH;Bismarkstr. 63;01257;Dresden;1
5287;Auto Werft Dresden;Str. des 17. Juni 11;01257;Dresden;1
4326;Auto Trentzsch GbR;Bodenbacher Strasse 109;01277;Dresden;1
5445;Autoservice Laubegast;sterreicher Str. 63;01279;Dresden;1
4067;RR Auto- & Reifenservice GmbH Radebeul;Schumannstraáe 18;01445;Radebeul;1
2831;MLTec Automotive GmbH;Weinbergstr. 4;01445;Radebeul;1
4916;Kraftwagenpark Dresden;Zum Lindenhof 9 b;01665;Riemsdorf;1
4458;Autoservice Hammer;Querstrasse 10;01705;Freital;1
1084;Keilig Willi Inh. A.Hhnel;Wilsdruffer Str. 102;01705;Freital;1
5365;VGRDD GmbH ;Wilsdruffer Str. 37;01705;Freital;1
4571;Boxenstop KFZ-Meisterwerkstatt;Zum Grund 3;01705;Freital;1
4297;Autohaus Hardtke GmbH;Dresdner Landstrasse 1;01728;Bannewitz;1
4723;KFZ-Werkstatt Auto-Gut;Poisentalstraáe 24;01728;Bannewitz;1
5061;Klassische Automobile Schwarz;Rundteil 7b;01728;Bannewitz OT Possendorf;1
4271;Autohaus Godzik OHG;Hauptstrasse 9a;01728;Bannewitz/OT Possendorf;1
5058;Schraubwerk Schulze;Straáe der MTS 1;01737;Braunsdorf;1
4565;Marco Wagner;Niedermhle 117;01738;Dorfhain;1
5415;Autohaus Rettberg GmbH;Altenberger Str. 48;01744;Dippoldiswalde;1
nan;nan;nan;nan;nan;nan
nan;Anlief. T71, 11.00 Uhr;nan;nan;nan;nan
1308;AUTO OTTO;Dresdner Str. 5;02977;Hoyerswerda;1
nan;nan;nan;nan;nan;nan
nan;CB Anlief. T71, 10.45 Uhr;nan;nan;nan;nan
6002;FAMO Fahrzeug-und Motorenteile GmbH;Am Telering 1;03051;Cottbus;1
nan;nan;nan;nan;nan;nan
nan;Anlief. T17, 12.00 Uhr;nan;nan;nan;nan
1048;AUTOTEILE BRNER;Wolkensteiner Str. 18;09514;Pockau - Lengefeld;1
2145;Auto Lippmann;Kleinhartmannsdorfer Str. 7;09618;Brand-Erbisdorf;1
nan;nan;nan;nan;nan;nan
nan;Anlief. T17A, 11.45 Uhr;nan;nan;nan;nan
2907;Autechna Autoteile;Am Abrahamschacht 4;09496;Marienberg;1
nan;nan;nan;nan;nan;nan
nan;BZ T13 Anlief.11.45 Uhr;nan;nan;nan;nan
6001;FAMO Fahrzeug-und Motorenteile GmbH;Kleine Baschtzer Str. 1;02625;Bautzen;1
nan;nan;nan;nan;nan;nan
nan;FG Anlief. T17, 12.00 Uhr;nan;nan;nan;nan
6009;FAMO Fahrzeug-und Motorenteile GmbH;Brander Straáe 65;09599;Freiberg;1
nan;nan;nan;nan;nan;nan
nan;TA Anlief. T6, 12.00 Uhr;nan;nan;nan;nan
6005;FAMO Fahrzeug-und Motorenteile GmbH;Dewitzer Str. 77f;04425;Taucha;1
nan;nan;nan;nan;nan;nan
nan;PIR Anlief. 12.45 BAR;nan;nan;nan;nan
4985;PM Car Parts;Naumannstr. 12 / Halle 26F;01809;Heidenau;1
nan;nan;nan;nan;nan;nan
nan;PIR Anlief. 12.45 UHR;nan;nan;nan;nan
4296;Autohaus Israel GmbH & Co. KG;Dohnaer Strasse 310;01257;Dresden;1
40158;Kloss Auto-Service;Bahretalstr. 3a;01796;Dohma;1
40736;Jrgen Schiebel;Cotta B 16G;01796;Dohma;1
40672;Carzone Pirna;Lohmener Straáe 15a;01796;Pirna;1
40482;Kfz-Reparatur;Pratzschwitzer Straáe 220;01796;Pirna/Birkwitz;1
5288;Die-Autogesellschaft-Dresden.d;Hauptstraáe 1;01809;Heidenau;1
4231;Autohaus Olaf Streit;Ringstraáe 25;01809;Heidenau;1
40108;Autoservice Arnold;Talstr. 19;01816;Berggieáhbel;1
nan;nan;nan;nan;nan;nan
nan;W-14.00 Uhr BAR;nan;nan;nan;nan
5553;Auto-Service-Center Dresden;Dohnaer Strasse 74;01219;Dresden;1
nan;nan;nan;nan;nan;nan
nan;W-14.00 Uhr Tour;nan;nan;nan;nan
4727;Waldek Cars;Sternstraáe 47;01139;Dresden;1
4684;Firma Jens Drechsler;Zur Bachwiese 2;01156;Dresden;1
5454;"Kfz-Betrieb ""Die Meister""";Lbtauer Strasse 54-56;01159;Dresden;1
5525;Astral UG;Lbtauer Straáe 80;01159;Dresden;1
3044;ATW Fahrzeugteile;Frbelstr. 51a;01159;Dresden ;1
4339;Autohaus;Coschtzer Str. 1;01187;Dresden;1
4516;KFZ-Service Jrgen Hhle;Hermann-Michel-Straáe 1;01189;Dresden;1
4183;KFZ-Service Brill;Burgstdteler Str. 3d;01219;Dresden;1
5195;Rob`s Kfz-Service;Enno-Heidebroeck-Str. 11;01237;Dresden;1
1226;Auto Jrgen Pfeiffer KG;Reicker Str. 91;01237;Dresden;1
4860;Autoservice Grtner;Seidnitzer Weg 11;01237;Dresden;1
5500;ReifenCenter Dresden;Bismarckstr. 57;01257;Dresden;1
5662;A.T.L. Autoteileland;Bismarckstraáe 57;01257;Dresden;1
5287;Auto Werft Dresden;Str. des 17. Juni 11;01257;Dresden;1
5209;Tom Tobisch;Strasse des 17.Juni 30;01257;Dresden;1
5554;pitstop.de GmbH;Schandauer Str. 44;01277;Dresden;1
4413;Kfz-Meisterbetrieb Stege;Tolkewitzer Strasse 83;01279;Dresden;1
4430;Dietmar Beerwart ;Hertelstrasse 17;01307;Dresden;1
5549;Autohaus Borsbergstraáe GmbH;Borsbergstraáe 39;01309;Dresden;1
5055;Autoservice Kartunov;Gterhofstraáe 6;01445;Radebeul;1
5190;Autoservice Winkler;Angerweg 1;01662;Meiáen;1
4510;BRAUNE Autolackierbedarf GmbH;Burgker Strasse 135;01705;Freital;1
4044;Autoreparaturwerk Freital KG;Cunnersdorferstraáe 12;01705;Freital;1
4507;FREIE KFZ-WERKSTATT;Poststrasse 3;01705;Freital;1
1084;Keilig Willi Inh. A.Hhnel;Wilsdruffer Str. 102;01705;Freital;1
4615;Reifen Roespel GmbH;Wilsdruffer Straáe 7;01705;Freital;1
4426;Kfz-Meisterbetrieb Sllner;August Bebel Strasse 82;01728;Bannewitz;1
4294;Autohaus Winter GmbH;Dresdner Strasse 6;01728;Bannewitz OT Hnichen;1
1095;Autoservice Kpnick;Dresdner Str. 36A;01737;Tharandt;1
5342;Karosseriefachbetrieb Kirchner;Freitaler Straáe 8;01737;Tharandt/Groáopitz;1
4565;Marco Wagner;Niedermhle 117;01738;Dorfhain;1
nan;nan;nan;nan;nan;nan
nan;PIR Anlief. 14.45 BAR;nan;nan;nan;nan
4985;PM Car Parts;Naumannstr. 12 / Halle 26F;01809;Heidenau;1
nan;nan;nan;nan;nan;nan
nan;PIR Anlief. 14.45 Uhr;nan;nan;nan;nan
4466;PMS Provocatione Motor Sport;Lockwitzgrund 40;01257;Dresden;1
4925;Kfz-Service-Pahner;Rhrsdorfer Straáe 24;01257;Dresden;1
40736;Jrgen Schiebel;Cotta B 16G;01796;Dohma;1
40620;Paddock;Dresdner Straáe 4;01796;Pirna;1
40672;Carzone Pirna;Lohmener Straáe 15a;01796;Pirna;1
4231;Autohaus Olaf Streit;Ringstraáe 25;01809;Heidenau;1
40762;s-part Fahrzeug- u. Teilehandel;Mglitztalstraáe  76;01809;Mhlbach;1
40174;Autohaus in Berggieáhbel GmbH;Talstr. 4;01816;Bad Gottleuba - Berggieáhbel;1
40108;Autoservice Arnold;Talstr. 19;01816;Berggieáhbel;1
nan;nan;nan;nan;nan;nan
nan;DPD;nan;nan;nan;nan
3102;Testa Baresi ;Lausener Str. 4B;04207;Leipzig;1
3105;Herkommer Kfz-Technik;Crandorfer Str. 49;08340;Schwarzenberg;1
nan;nan;nan;nan;nan;nan
nan;W-16.00 Uhr BAR;nan;nan;nan;nan
5553;Auto-Service-Center Dresden;Dohnaer Strasse 74;01219;Dresden;1
nan;nan;nan;nan;nan;nan
nan;W-16.00 Uhr Tour;nan;nan;nan;nan
4117;Autohaus Zimmermann;Am Trachauer Bahnhof 9;01139;Dresden;1
5236;MSM by HUBraum GmbH;Frbelstraáe 20;01159;Dresden;1
5195;Rob`s Kfz-Service;Enno-Heidebroeck-Str. 11;01237;Dresden;1
4425;Auto23 GmbH;Lohrmannstrasse 23;01237;Dresden;1
1226;Auto Jrgen Pfeiffer KG;Reicker Str. 91;01237;Dresden;1
4376;Autoservice und Fahrzeugbau Steglich;Reisstraáe  37;01257;Dresden;1
5287;Auto Werft Dresden;Str. des 17. Juni 11;01257;Dresden;1
4413;Kfz-Meisterbetrieb Stege;Tolkewitzer Strasse 83;01279;Dresden;1
5194;MH-Fahrzeugservice;Carl-Thieme-Straáe 28;01705;Freital;1
4795;p.r.o. Mobilien, Verwaltungs- ;Schachtstraáe 10 a;01705;Freital;1
2091;A.T.U-Filiale Freital;Wilsdruffer Str. 39;01705;Freital;1
2091;A.T.U-Filiale Freital;Wilsdruffer Str. 39;01705;Freital;1
4615;Reifen Roespel GmbH;Wilsdruffer Straáe 7;01705;Freital;1
4571;Boxenstop KFZ-Meisterwerkstatt;Zum Grund 3;01705;Freital;1
4754;Kfz-Meister Jens Jahn;Straáe des Friedens 37;01723;Kesselsdorf;1
4565;Marco Wagner;Niedermhle 117;01738;Dorfhain;1
4231;Autohaus Olaf Streit;Ringstraáe 25;01809;Heidenau;1
nan;nan;nan;nan;nan;nan
nan;Anlief. T16, 18.00 Uhr;nan;nan;nan;nan
1308;AUTO OTTO;Dresdner Str. 5;02977;Hoyerswerda;1
nan;nan;nan;nan;nan;nan
nan;BZ T16 Anlief.18.00 Uhr;nan;nan;nan;nan
6001;FAMO Fahrzeug-und Motorenteile GmbH;Kleine Baschtzer Str. 1;02625;Bautzen;1
nan;nan;nan;nan;nan;nan
nan;CB Anlief. T16, 18.00 Uhr;nan;nan;nan;nan
6002;FAMO Fahrzeug-und Motorenteile GmbH;Am Telering 1;03051;Cottbus;1
