TourenÅbersicht;;;;;
Lieferdatum: 26.09.25;;;;;
;;;;;
Kdnr;Name;Stra·e;PLZ;Ort;Gedruckt
;W-07.00 Uhr BAR;;;;
4993;Sven - PF;;;;1
4993;Peter;;;;1
4586;Kuli's Carpoint;Reisstr. 40;01257;Dresden;1
5023;Stockmann KFZ-Service;Cowaplast 28;01640;Coswig;1
;;;;;
;W-07.00 Uhr Tour;;;;
4987;Autoservice Hartmann;Bauernweg 46;01109;Dresden;1
1055;Motoreninstandsetzung;Am Trachauer Bahnhof 11;01139;Dresden;1
4727;Waldek Cars;Sternstra·e 47;01139;Dresden;1
4959;Smart Repair u. Lackservice;Hamburger Str. 65a;01157;Dresden;1
5236;MSM by HUBraum GmbH;Frîbelstra·e 20;01159;Dresden;1
4522;Autoservice Reichert GmbH ;Kesselsdorfer Strasse 99 ;01159;Dresden;1
5116;CAR-ART GmbH;Lîbtauer Str. 55;01159;Dresden;1
5454;"Kfz-Betrieb ""Die Meister""";Lîbtauer Strasse 54-56;01159;Dresden;1
4529;Freie Kfz.-Werkstatt Czerwonka;Lîbtauer Strasse 65;01159;Dresden;1
4456;Silbermann Fahrzeugservice;Tharandter Strasse 63a;01159;Dresden;1
4026;AUTO LUST;Krausestra·e 4;01187;Dresden;1
1226;Auto JÅrgen Pfeiffer KG;Reicker Str. 91;01237;Dresden;1
5000;T & S Fahrzeugtechnik GmbH;BÑrensteiner Str. 27-29;01277;Dresden;1
5445;Autoservice Laubegast;ôsterreicher Str. 63;01279;Dresden;1
4413;Kfz-Meisterbetrieb Stege;Tolkewitzer Strasse 83;01279;Dresden;1
5416;Autohaus Lassotta GmbH;Berghausstr. 2a;01662;Mei·en;1
4044;Autoreparaturwerk Freital KG;Cunnersdorferstra·e 12;01705;Freital;1
4507;FREIE KFZ-WERKSTATT;Poststrasse 3;01705;Freital;1
4041;Helmut Hammerschmidt KFZ;Wilsdruffer Stra·e 65;01705;Freital;1
4615;Reifen Roespel GmbH;Wilsdruffer Stra·e 7;01705;Freital;1
4754;Kfz-Meister Jens Jahn;Stra·e des Friedens 37;01723;Kesselsdorf;1
4515;Reifen-& Autoservice Roespel ;Wilsdruffer Strasse 11;01723;Kesselsdorf;1
5619;Hanitzsch GmbH & Co. KG;Zschoner Ring 18;01723;Kesselsdorf;1
4723;KFZ-Werkstatt Auto-Gut;Poisentalstra·e 24;01728;Bannewitz;1
5342;Karosseriefachbetrieb Kirchner;Freitaler Stra·e 8;01737;Tharandt/Gro·opitz;1
4565;Marco Wagner;NiedermÅhle 117;01738;Dorfhain;1
;;;;;
;PIR Anlief. 7.45 BAR;;;;
40562;Kfz-Werkstatt Hocker;Pillnitzer Stra·e 1;01796;Pirna;1
;;;;;
;PIR Anlief. 7.45 Uhr;;;;
40764;Lars Richter;An der Viehleite 30;01796;Pirna;1
40620;Paddock;Dresdner Stra·e 4;01796;Pirna;1
40741;Autohaus Pirna GmbH;Kînigsteiner Stra·e 5;01796;Pirna;1
50418;Bernd Forker GmbH;Siegfried RÑdel-Str.37;01796;Pirna;1
40482;Kfz-Reparatur;Pratzschwitzer Stra·e 220;01796;Pirna/Birkwitz;1
40204;Urban Taxibetrieb GmbH & Co. KG;Lohengrinstr. 19;01796;Pirna-Graupa;1
40138;Kfz-Service Hertling;Herbert-Liebsch- Str. 4;01796;Pirna-Sonnenstein;1
5280;Karosserie- & KfZ-Service Derlich;Siedlung 17;01809;Burkhardswalde;1
5288;Die-Autogesellschaft-Dresden.d;MÅglitztalstra·e 43;01809;Dohna;1
40750;Dreihundert Dresden;Naumannstra·e 12 | Halle 14;01809;Heidenau;1
4231;Autohaus Olaf Streit;Ringstra·e 25;01809;Heidenau;1
40413;Rasche, Thomas;Friedrichswalde 59;01819;Friedrichswalde;1
;;;;;
;W-09.00 Uhr BAR;;;;
5553;Auto-Service-Center Dresden;Dohnaer Strasse 74;01219;Dresden;1
5582;Leon Automobile;Kesselsdorfer Str. 20;01705;Freital;1
;;;;;
;W-09.00 Uhr Tour;;;;
4677;Autoservice Wolf;Wiener Stra·e 10;01069;Dresden;1
4117;Autohaus Zimmermann;Am Trachauer Bahnhof 9;01139;Dresden;1
2939;Autoservice Petters GmbH;Sternstra·e 14;01139;Dresden;1
5236;MSM by HUBraum GmbH;Frîbelstra·e 20;01159;Dresden;1
4923;Basti's KFZ-Werkstatt;Tharandter Stra·e 41b;01159;Dresden;1
3044;ATW Fahrzeugteile;Frîbelstr. 51a;01159;Dresden ;1
4339;Autohaus;CoschÅtzer Str. 1;01187;Dresden;1
4015;Autoservice Hartmann;Altreick 26;01237;Dresden;1
5195;Rob`s Kfz-Service;Enno-Heidebroeck-Str. 11;01237;Dresden;1
4972;Fahrzeugservice Reiche;Gasanstaltstra·e 43d;01237;Dresden;1
4860;Autoservice GÑrtner;Seidnitzer Weg 11;01237;Dresden;1
5532;PKW & Nutzfahrzeug Service;Alttorna 7;01239;Dresden;1
4326;Auto Trentzsch GbR;Bodenbacher Strasse 109;01277;Dresden;1
5445;Autoservice Laubegast;ôsterreicher Str. 63;01279;Dresden;1
4413;Kfz-Meisterbetrieb Stege;Tolkewitzer Strasse 83;01279;Dresden;1
4430;Dietmar Beerwart ;Hertelstrasse 17;01307;Dresden;1
4891;Auto - Heller;Gohliser Stra·e 24;01445;Radebeul;1
5005;Classic Style;An der Walze 3;01640;Coswig;1
1473;Fa.Wilms;Dresdner Str. 189;01640;Coswig - OT Brockwitz;1
4357;Autohof Dîhlen;Carl-Thieme-Str. 39;01705;Freital;1
5194;MH-Fahrzeugservice;Carl-Thieme-Stra·e 28;01705;Freital;1
4519;Franks Garage;Deubener Strasse 13;01705;Freital;1
4285;Autocenter Freital OHG;Dresdner Strasse 314;01705;Freital;1
4318;Peugeot BÅttner ;Steigerstra·e 1;01705;Freital;1
4041;Helmut Hammerschmidt KFZ;Wilsdruffer Stra·e 65;01705;Freital;1
4615;Reifen Roespel GmbH;Wilsdruffer Stra·e 7;01705;Freital;1
5028;A. Eckoldt;Kesselsdorfer Str. 10;01723;Wilsdruff / OT Grumbach;1
4426;Kfz-Meisterbetrieb Sîllner;August Bebel Strasse 82;01728;Bannewitz;1
4723;KFZ-Werkstatt Auto-Gut;Poisentalstra·e 24;01728;Bannewitz;1
5596;Marko Heymann Kfz-Werkstatt;Schulstr. 21;01728;Bannewitz;1
4294;Autohaus Winter GmbH;Dresdner Strasse 6;01728;Bannewitz OT HÑnichen;1
4271;Autohaus Godzik OHG;Hauptstrasse 9a;01728;Bannewitz/OT Possendorf;1
1095;Autoservice Kîpnick;Dresdner Str. 36A;01737;Tharandt;1
5342;Karosseriefachbetrieb Kirchner;Freitaler Stra·e 8;01737;Tharandt/Gro·opitz;1
5415;Autohaus Rettberg GmbH;Altenberger Str. 48;01744;Dippoldiswalde;1
5472;Autodienst Tilo Bretschneider;Altenberger Stra·e 43;01768;GlashÅtte;1
5128;Auto Service Meusel;Alte Str. 33;01768;GlashÅtte OT Hirschbach;1
5562;Automobile Irrgang eGbR;Dresdner Str. 16;01773;Altenberg;1
;;;;;
;TA Anlief. T3, 9.00 Uhr;;;;
6005;FAMO Fahrzeug-und Motorenteile GmbH;Dewitzer Str. 77f;04425;Taucha;1
;;;;;
;CB Anlief. T5, 9.15 Uhr;;;;
6002;FAMO Fahrzeug-und Motorenteile GmbH;Am Telering 1;03051;Cottbus;1
;;;;;
;Anlief. T3, 9.30 Uhr;;;;
3019;MOTORSTOPP;Hallesche Str. 77;04159;Leipzig;1
2571;Thomas Bode;Rosenowstr. 8;04357;Leipzig;1
;;;;;
;PIR Anlief. 9.45 BAR;;;;
40562;Kfz-Werkstatt Hocker;Pillnitzer Stra·e 1;01796;Pirna;1
4985;PM Car Parts;Naumannstr. 12 / Halle 26F;01809;Heidenau;1
;;;;;
;PIR Anlief. 9.45 Uhr;;;;
40257;Autohaus Welde GmbH;Dresdner Strasse 5;01796;Pirna;1
40741;Autohaus Pirna GmbH;Kînigsteiner Stra·e 5;01796;Pirna;1
40672;Carzone Pirna;Lohmener Stra·e 15a;01796;Pirna;1
40138;Kfz-Service Hertling;Herbert-Liebsch- Str. 4;01796;Pirna-Sonnenstein;1
4231;Autohaus Olaf Streit;Ringstra·e 25;01809;Heidenau;1
40174;Autohaus in Berggie·hÅbel GmbH;Talstr. 4;01816;Bad Gottleuba - Berggie·hÅbel;1
40623;LiLa metallinc;Oberer Ladenberg 13;01816;Bad Gottleuba OT Berggie·hÅbel;1
;;;;;
;Anlief. T10, 10.00 Uhr;;;;
5504;Dressel Montage;Zeisigweg 25;01737;Kurort Hartha;1
1422;Dietze & Schindler;Ladestra·e 2b;09465;Sehmatal-OT Sehma;1
2907;Autechna Autoteile;Am Abrahamschacht 4;09496;Marienberg;1
2907;Autechna Autoteile;Am Abrahamschacht 4;09496;Marienberg;1
1590;Fa. Flade Thomas;Rungstockstr. 43;09526;Olbernhau/Sa;1
2145;Auto Lippmann;Kleinhartmannsdorfer Str. 7;09618;Brand-Erbisdorf;1
;;;;;
;Anlief. T8, 10.00 Uhr;;;;
1408;Autoteile und Zubehîr;Reichenbacher Str. 190a;08056;Zwickau;1
1168;Schafferus;Zwickauer Str. 194;08468;Reichenbach;1
2763;Frank Fahrzeugbau GmbH;Carl-Hamel-Str.  17a;09116;Chemnitz;1
1235;V. Kluge GmbH;Amalienstrasse 12;09669;Frankenberg;1
;;;;;
;BZ T2 Anlief.9.45 Uhr;;;;
6001;FAMO Fahrzeug-und Motorenteile GmbH;Kleine BaschÅtzer Str. 1;02625;Bautzen;1
;;;;;
;FG Anlief. T10, 10.00 Uhr;;;;
6009;FAMO Fahrzeug-und Motorenteile GmbH;Brander Stra·e 65;09599;Freiberg;1
;;;;;
;W-11.00 Uhr BAR;;;;
4993;Jochen - PF;;;;1
;;;;;
;W-11.00 Uhr Tour;;;;
4747;Lackwerk LW GmbH;Bremer Stra·e 5;01067;Dresden;1
5205;DISTREX Fahrzeugservice e.K.;Wiener Stra·e 10;01069;Dresden;1
4617;Car Repair;Fritz-Reuter-Stra·e 43;01097;Dresden;1
5034;1a autoservice Menzel;Bauernweg 12;01109;Dresden;1
4727;Waldek Cars;Sternstra·e 47;01139;Dresden;1
4990;Musti Autoaufbereitung;Altbriesnitz 8;01157;Dresden;1
5119;Gomodrom Automobile;Kesselsdorfer Str. 99;01159;Dresden;1
5525;Astral UG;Lîbtauer Stra·e 80;01159;Dresden;1
4456;Silbermann Fahrzeugservice;Tharandter Strasse 63a;01159;Dresden;1
3044;ATW Fahrzeugteile;Frîbelstr. 51a;01159;Dresden ;1
4339;Autohaus;CoschÅtzer Str. 1;01187;Dresden;1
4130;Autohaus Dresden GmbH;Possendorfer Strasse 38-40;01217;Dresden;1
4016;Autoservice Heinze GmbH;Dohnaer Stra·e 119;01239;Dresden;1
5287;Auto Werft Dresden;Str. des 17. Juni 11;01257;Dresden;1
5445;Autoservice Laubegast;ôsterreicher Str. 63;01279;Dresden;1
4430;Dietmar Beerwart ;Hertelstrasse 17;01307;Dresden;1
5083;SMP GmbH;Alemannenstra·e 50;01309;Dresden;1
5008;Reifen + Auto Service Grosche GmbH;Kîtitzer Stra·e 76;01445;Radebeul;1
2831;MLTec Automotive GmbH;Weinbergstr. 4;01445;Radebeul;1
5586;Autohof Radeburg GmbH;KînigsbrÅckerstra·e 30;01471;Radeburg;1
5252;Bernd Schmiedgen;Lindeberg 2;01471;Radeburg;1
5416;Autohaus Lassotta GmbH;Berghausstr. 2a;01662;Mei·en;1
5295;Karosserie- und Fahrzeugbau;Am Ring 4;01665;Klipphausen;1
4526;Karosseriebau Miersch;Birkigter Strasse 14;01705;Freital;1
4044;Autoreparaturwerk Freital KG;Cunnersdorferstra·e 12;01705;Freital;1
4285;Autocenter Freital OHG;Dresdner Strasse 314;01705;Freital;1
4837;Kfz Technik BrÑuer;Potschappler Stra·e 4;01705;Freital;1
1084;Keilig Willi Inh. A.HÑhnel;Wilsdruffer Str. 102;01705;Freital;1
2091;A.T.U-Filiale Freital;Wilsdruffer Str. 39;01705;Freital;1
4754;Kfz-Meister Jens Jahn;Stra·e des Friedens 37;01723;Kesselsdorf;1
4297;Autohaus Hardtke GmbH;Dresdner Landstrasse 1;01728;Bannewitz;1
5596;Marko Heymann Kfz-Werkstatt;Schulstr. 21;01728;Bannewitz;1
4294;Autohaus Winter GmbH;Dresdner Strasse 6;01728;Bannewitz OT HÑnichen;1
4271;Autohaus Godzik OHG;Hauptstrasse 9a;01728;Bannewitz/OT Possendorf;1
4877;Karosseriebau Henschke;Rundteil 5a;01728;Possendorf;1
5058;Schraubwerk Schulze;Stra·e der MTS 1;01737;Braunsdorf;1
5342;Karosseriefachbetrieb Kirchner;Freitaler Stra·e 8;01737;Tharandt/Gro·opitz;1
5415;Autohaus Rettberg GmbH;Altenberger Str. 48;01744;Dippoldiswalde;1
5422;Auto-Service Becker;Frauensteiner Str. 31;01744;Dippoldiswalde;1
5137;Auto mobile DW GmbH;Gewerbering 4;01744;Dippoldiswalde;1
5369;Autohaus HÅttel;Dresdner Landstr. 14 F;01744;OberhÑslich;1
5485;Marcel Loreck;GegenÅber Prie·nitztalstr. 14;01768;GlashÅtte;1
;;;;;
;Anlief. T71, 11.00 Uhr;;;;
1308;AUTO OTTO;Dresdner Str. 5;02977;Hoyerswerda;1
;;;;;
;CB Anlief. T71, 10.45 Uhr;;;;
6002;FAMO Fahrzeug-und Motorenteile GmbH;Am Telering 1;03051;Cottbus;1
;;;;;
;Anlief. T17, 12.00 Uhr;;;;
2145;Auto Lippmann;Kleinhartmannsdorfer Str. 7;09618;Brand-Erbisdorf;1
;;;;;
;Anlief. T17A, 11.45 Uhr;;;;
2907;Autechna Autoteile;Am Abrahamschacht 4;09496;Marienberg;1
;;;;;
;BZ T13 Anlief.11.45 Uhr;;;;
6001;FAMO Fahrzeug-und Motorenteile GmbH;Kleine BaschÅtzer Str. 1;02625;Bautzen;1
;;;;;
;FG Anlief. T17, 12.00 Uhr;;;;
6009;FAMO Fahrzeug-und Motorenteile GmbH;Brander Stra·e 65;09599;Freiberg;1
;;;;;
;TA Anlief. T6, 12.00 Uhr;;;;
6005;FAMO Fahrzeug-und Motorenteile GmbH;Dewitzer Str. 77f;04425;Taucha;1
;;;;;
;PIR Anlief. 12.45 UHR;;;;
4296;Autohaus Israel GmbH & Co. KG;Dohnaer Strasse 310;01257;Dresden;1
4266;Auto-Service Mîller GbR;Fritz-Schreiter-Strasse 31;01259;Dresden;1
40764;Lars Richter;An der Viehleite 30;01796;Pirna;1
40138;Kfz-Service Hertling;Herbert-Liebsch- Str. 4;01796;Pirna-Sonnenstein;1
5288;Die-Autogesellschaft-Dresden.d;Hauptstra·e 1;01809;Heidenau;1
4231;Autohaus Olaf Streit;Ringstra·e 25;01809;Heidenau;1
40174;Autohaus in Berggie·hÅbel GmbH;Talstr. 4;01816;Bad Gottleuba - Berggie·hÅbel;1
40108;Autoservice Arnold;Talstr. 19;01816;Berggie·hÅbel;1
;;;;;
;W-14.00 Uhr BAR;;;;
4993;Sven - PF;;;;1
5582;Leon Automobile;Kesselsdorfer Str. 20;01705;Freital;1
;;;;;
;W-14.00 Uhr Tour;;;;
1055;Motoreninstandsetzung;Am Trachauer Bahnhof 11;01139;Dresden;1
4727;Waldek Cars;Sternstra·e 47;01139;Dresden;1
1330;Autoservice Bernhardt;Chamissostr.  2;01157;Dresden;1
5486;Fahrzeugservice Kaden;Mei·ner Landstra·e 5;01157;Dresden;1
5119;Gomodrom Automobile;Kesselsdorfer Str. 99;01159;Dresden;1
5116;CAR-ART GmbH;Lîbtauer Str. 55;01159;Dresden;1
4456;Silbermann Fahrzeugservice;Tharandter Strasse 63a;01159;Dresden;1
3044;ATW Fahrzeugteile;Frîbelstr. 51a;01159;Dresden ;1
4339;Autohaus;CoschÅtzer Str. 1;01187;Dresden;1
4026;AUTO LUST;Krausestra·e 4;01187;Dresden;1
4015;Autoservice Hartmann;Altreick 26;01237;Dresden;1
4876;Autopark Lohrmannstra·e;Lohrmannstra·e 28;01237;Dresden;1
1226;Auto JÅrgen Pfeiffer KG;Reicker Str. 91;01237;Dresden;1
5475;Hartmann Karosserie- und Fahrzeugbau;Altreick 26;01237 ;Dresden;1
4326;Auto Trentzsch GbR;Bodenbacher Strasse 109;01277;Dresden;1
4741;auto-technik24 GmbH;SchlÅterstra·e 29;01277;Dresden;1
4413;Kfz-Meisterbetrieb Stege;Tolkewitzer Strasse 83;01279;Dresden;1
4430;Dietmar Beerwart ;Hertelstrasse 17;01307;Dresden;1
5252;Bernd Schmiedgen;Lindeberg 2;01471;Radeburg;1
1473;Fa.Wilms;Dresdner Str. 189;01640;Coswig - OT Brockwitz;1
4916;Kraftwagenpark Dresden;Zum Lindenhof 9 b;01665;Riemsdorf;1
4043;autoBURGK Lohse;Burgker Stra·e 145;01705;Freital;1
4044;Autoreparaturwerk Freital KG;Cunnersdorferstra·e 12;01705;Freital;1
2091;A.T.U-Filiale Freital;Wilsdruffer Str. 39;01705;Freital;1
4615;Reifen Roespel GmbH;Wilsdruffer Stra·e 7;01705;Freital;1
4754;Kfz-Meister Jens Jahn;Stra·e des Friedens 37;01723;Kesselsdorf;1
4515;Reifen-& Autoservice Roespel ;Wilsdruffer Strasse 11;01723;Kesselsdorf;1
4297;Autohaus Hardtke GmbH;Dresdner Landstrasse 1;01728;Bannewitz;1
4271;Autohaus Godzik OHG;Hauptstrasse 9a;01728;Bannewitz/OT Possendorf;1
5058;Schraubwerk Schulze;Stra·e der MTS 1;01737;Braunsdorf;1
5342;Karosseriefachbetrieb Kirchner;Freitaler Stra·e 8;01737;Tharandt/Gro·opitz;1
5421;Autohaus Liliensiek GmbH;Alte Altenberger Str. 38;01744;Dippoldiswalde;1
;;;;;
;PIR Anlief. 14.45 BAR;;;;
4985;PM Car Parts;Naumannstr. 12 / Halle 26F;01809;Heidenau;1
;;;;;
;PIR Anlief. 14.45 Uhr;;;;
4266;Auto-Service Mîller GbR;Fritz-Schreiter-Strasse 31;01259;Dresden;1
40736;JÅrgen Schiebel;Cotta B 16G;01796;Dohma;1
40672;Carzone Pirna;Lohmener Stra·e 15a;01796;Pirna;1
40482;Kfz-Reparatur;Pratzschwitzer Stra·e 220;01796;Pirna/Birkwitz;1
5288;Die-Autogesellschaft-Dresden.d;Hauptstra·e 1;01809;Heidenau;1
40174;Autohaus in Berggie·hÅbel GmbH;Talstr. 4;01816;Bad Gottleuba - Berggie·hÅbel;1
;;;;;
;DPD;;;;
3102;Testa Baresi ;Lausener Str. 4B;04207;Leipzig;1
5555;Maak Fahrzeugtechnik GmbH;Linda 41;07806;Neustadt / Orla;1
1167;Schmettau & Fuchs GmbH;Margarete-Steiff-Stra·e 7;28876;Oyten;1
2232;F. A. Wobst GmbH & Co.KG;Im Ursulum 16;35396;Gie·en;1
3027;Automobile Parts Rhein-Main UG;Altenberger Str. 184;35576;Wetzlar;1
2568;Joachim & Markus Reese GbR;Nikolaus-Otto-Stra·e 3;55129;Mainz;1
2828;Firma Dachboxhelden;Robert-Bosch-Stra·e 29;55129;Mainz-Hechtsheim;1
;;;;;
;W-16.00 Uhr BAR;;;;
5553;Auto-Service-Center Dresden;Dohnaer Strasse 74;01219;Dresden;1
;;;;;
;W-16.00 Uhr Tour;;;;
5592;Stender KFZ-Autoservice;Alte Mei·ner Landstra·e 28c;01157;Dresden;1
5049;R & A Fahrzeugservice und -han;Frîbelstr. 30-32;01159;Dresden;1
5236;MSM by HUBraum GmbH;Frîbelstra·e 20;01159;Dresden;1
5116;CAR-ART GmbH;Lîbtauer Str. 55;01159;Dresden;1
4923;Basti's KFZ-Werkstatt;Tharandter Stra·e 41b;01159;Dresden;1
4127;Autocenter Dresden GmbH;Altkaitz 9;01217;Dresden;1
5116;CAR-ART GmbH;Bismarkstr. 63;01257;Dresden;1
4615;Reifen Roespel GmbH;Wilsdruffer Stra·e 7;01705;Freital;1
4754;Kfz-Meister Jens Jahn;Stra·e des Friedens 37;01723;Kesselsdorf;1
4331;FTT Fahrzeug Technik Tharandt;Dresdner Stra·e 36b;01737;Tharandt;1
4231;Autohaus Olaf Streit;Ringstra·e 25;01809;Heidenau;1
;;;;;
;Anlief. T16, 18.00 Uhr;;;;
1308;AUTO OTTO;Dresdner Str. 5;02977;Hoyerswerda;1
;;;;;
;BZ T16 Anlief.18.00 Uhr;;;;
6001;FAMO Fahrzeug-und Motorenteile GmbH;Kleine BaschÅtzer Str. 1;02625;Bautzen;1
;;;;;
;CB Anlief. T16, 18.00 Uhr;;;;
6002;FAMO Fahrzeug-und Motorenteile GmbH;Am Telering 1;03051;Cottbus;1
